Lat - Grid target (copy),IPHC Reg Area (group),Station,Purpose
37.835,2A,923,Standard Grid
37.835,2A,924,Standard Grid
37.835,2A,925,Standard Grid
38.002,2A,927,Standard Grid
38.168,2A,929,Standard Grid
38.168,2A,930,Standard Grid
38.335,2A,931,Standard Grid
38.335,2A,932,Standard Grid
38.335,2A,933,Standard Grid
38.501,2A,934,Standard Grid
38.502,2A,935,Standard Grid
38.668,2A,936,Standard Grid
38.668,2A,937,Standard Grid
38.835,2A,938,Standard Grid
39.001,2A,939,Standard Grid
39.168,2A,940,Standard Grid
39.168,2A,941,Standard Grid
39.335,2A,942,Standard Grid
39.501,2A,943,Standard Grid
39.668,2A,944,Standard Grid
39.834,2A,945,Standard Grid
40.168,2A,951,Standard Grid
40.335,2A,952,Standard Grid
40.501,2A,953,Standard Grid
40.668,2A,954,Standard Grid
40.834,2A,955,Standard Grid
41.001,2A,956,Standard Grid
41.001,2A,957,Standard Grid
41.167,2A,958,Standard Grid
41.334,2A,959,Standard Grid
41.334,2A,960,Standard Grid
41.5,2A,961,Standard Grid
41.5,2A,962,Standard Grid
41.667,2A,963,Standard Grid
41.667,2A,964,Standard Grid
41.834,2A,965,Standard Grid
42,2A,1001,Standard Grid
42.167,2A,1002,Standard Grid
42.333,2A,1601,Standard Grid
42.333,2A,1003,Standard Grid
42.5,2A,1602,Standard Grid
42.5,2A,1004,Standard Grid
42.667,2A,1005,Standard Grid
42.833,2A,1006,Standard Grid
42.833,2A,1007,Standard Grid
43,2A,1008,Standard Grid
43,2A,1009,Standard Grid
43.167,2A,1010,Standard Grid
43.333,2A,1101,Standard Grid
43.333,2A,1011,Standard Grid
43.5,2A,1012,Standard Grid
43.5,2A,1013,Standard Grid
43.667,2A,1014,Standard Grid
43.667,2A,1015,Standard Grid
43.833,2A,1102,Standard Grid
43.833,2A,1016,Standard Grid
43.833,2A,1017,Standard Grid
43.834,2A,1707,Standard Grid
44,2A,1103,Standard Grid
44,2A,1018,Standard Grid
44,2A,1019,Standard Grid
44,2A,1020,Standard Grid
44.167,2A,1021,Standard Grid
44.167,2A,1022,Standard Grid
44.167,2A,1023,Standard Grid
44.167,2A,1024,Standard Grid
44.333,2A,1025,Standard Grid
44.333,2A,1026,Standard Grid
44.333,2A,1027,Standard Grid
44.5,2A,1104,Standard Grid
44.5,2A,1028,Standard Grid
44.5,2A,1029,Standard Grid
44.5,2A,1105,Standard Grid
44.667,2A,1030,Standard Grid
44.667,2A,1031,Standard Grid
44.667,2A,1032,Standard Grid
44.667,2A,1033,Standard Grid
44.833,2A,1034,Standard Grid
44.833,2A,1035,Standard Grid
44.833,2A,1036,Standard Grid
45,2A,1037,Standard Grid
45,2A,1038,Standard Grid
45,2A,1039,Standard Grid
45.167,2A,1040,Standard Grid
45.167,2A,1041,Standard Grid
45.333,2A,1042,Standard Grid
45.333,2A,1043,Standard Grid
45.333,2A,1044,Standard Grid
45.5,2A,1045,Standard Grid
45.5,2A,1046,Standard Grid
45.5,2A,1047,Standard Grid
45.667,2A,1048,Standard Grid
45.667,2A,1049,Standard Grid
45.667,2A,1050,Standard Grid
45.833,2A,1051,Standard Grid
45.833,2A,1052,Standard Grid
45.833,2A,1053,Standard Grid
46,2A,1054,Standard Grid
46,2A,1055,Standard Grid
46,2A,1056,Standard Grid
46.167,2A,1107,Standard Grid
46.167,2A,1108,Standard Grid
46.167,2A,1057,Standard Grid
46.333,2A,1058,Standard Grid
46.5,2A,1059,Standard Grid
46.667,2A,1060,Standard Grid
46.667,2A,1061,Standard Grid
46.833,2A,1062,Standard Grid
46.833,2A,1063,Standard Grid
46.833,2A,1064,Standard Grid
47,2A,1065,Standard Grid
47,2A,1066,Standard Grid
47,2A,1067,Standard Grid
47.167,2A,1068,Standard Grid
47.167,2A,1069,Standard Grid
47.167,2A,1070,Standard Grid
47.331,2A,1116,Standard Grid
47.333,2A,1071,Standard Grid
47.49,2A,1117,Standard Grid
47.5,2A,1115,Standard Grid
47.5,2A,1072,Standard Grid
47.667,2A,1073,Standard Grid
47.667,2A,1074,Standard Grid
47.831,2A,1118,Standard Grid
47.833,2A,1075,Standard Grid
47.833,2A,1076,Standard Grid
47.845,2A,1119,Standard Grid
47.998,2A,1120,Standard Grid
48,2A,1077,Standard Grid
48,2A,1078,Standard Grid
48,2A,1079,Standard Grid
48.164,2A,1121,Standard Grid
48.165,2A,1122,Standard Grid
48.165,2A,1123,Standard Grid
48.167,2A,1080,Standard Grid
48.167,2A,1081,Standard Grid
48.167,2A,1082,Standard Grid
48.167,2A,1083,Standard Grid
48.316,2A,1126,Standard Grid
48.331,2A,1124,Standard Grid
48.331,2A,1125,Standard Grid
48.332,2B,2201,Standard Grid
48.332,2B,2203,Standard Grid
48.333,2B,2204,Standard Grid
48.333,2A,1517,Standard Grid
48.333,2A,1519,Standard Grid
48.333,2A,1084,Standard Grid
48.333,2B,2001,Standard Grid
48.333,2B,2002,Standard Grid
48.334,2B,2205,Standard Grid
48.493,2A,1525,Standard Grid
48.493,2A,1623,Standard Grid
48.5,2B,2207,Standard Grid
48.5,2B,2208,Standard Grid
48.5,2B,2003,Standard Grid
48.5,2B,2004,Standard Grid
48.5,2B,2005,Standard Grid
48.5,2B,2006,Standard Grid
48.664,2A,1127,Standard Grid
48.666,2B,2209,Standard Grid
48.667,2B,2007,Standard Grid
48.667,2B,2008,Standard Grid
48.667,2B,2009,Standard Grid
48.667,2B,2010,Standard Grid
48.667,2B,2011,Standard Grid
48.667,2B,2210,Standard Grid
48.831,2A,1128,Standard Grid
48.831,2B,2211,Standard Grid
48.831,2B,2212,Standard Grid
48.833,2B,2213,Standard Grid
48.833,2B,2012,Standard Grid
48.833,2B,2013,Standard Grid
48.833,2B,2014,Standard Grid
48.833,2B,2015,Standard Grid
48.834,2B,2214,Standard Grid
48.998,2B,2215,Standard Grid
48.998,2B,2216,Standard Grid
49,2B,2217,Standard Grid
49,2B,2016,Standard Grid
49,2B,2017,Standard Grid
49,2B,2018,Standard Grid
49,2B,2218,Standard Grid
49.164,2B,2219,Standard Grid
49.165,2B,2220,Standard Grid
49.167,2B,2221,Standard Grid
49.167,2B,2019,Standard Grid
49.167,2B,2020,Standard Grid
49.167,2B,2021,Standard Grid
49.331,2B,2222,Standard Grid
49.331,2B,2223,Standard Grid
49.332,2B,2224,Standard Grid
49.332,2B,2225,Standard Grid
49.333,2B,2023,Standard Grid
49.333,2B,2024,Standard Grid
49.333,2B,2025,Standard Grid
49.333,2B,2026,Standard Grid
49.498,2B,2227,Standard Grid
49.499,2B,2228,Standard Grid
49.5,2B,2027,Standard Grid
49.5,2B,2028,Standard Grid
49.5,2B,2029,Standard Grid
49.665,2B,2229,Standard Grid
49.665,2B,2230,Standard Grid
49.665,2B,2231,Standard Grid
49.666,2B,2232,Standard Grid
49.667,2B,2030,Standard Grid
49.667,2B,2031,Standard Grid
49.667,2B,2233,Standard Grid
49.831,2B,2234,Standard Grid
49.831,2B,2235,Standard Grid
49.832,2B,2236,Standard Grid
49.833,2B,2237,Standard Grid
49.833,2B,2032,Standard Grid
49.833,2B,2033,Standard Grid
49.998,2B,2238,Standard Grid
49.998,2B,2239,Standard Grid
50,2B,2034,Standard Grid
50.167,2B,2242,Standard Grid
50.331,2B,2243,Standard Grid
50.333,2B,2035,Standard Grid
50.498,2B,2244,Standard Grid
50.498,2B,2245,Standard Grid
50.499,2B,2246,Standard Grid
50.499,2B,2247,Standard Grid
50.5,2B,2248,Standard Grid
50.5,2B,2037,Standard Grid
50.665,2B,2249,Standard Grid
50.667,2B,2038,Standard Grid
50.667,2B,2039,Standard Grid
50.833,2B,2254,Standard Grid
50.833,2B,2255,Standard Grid
50.833,2B,2256,Standard Grid
50.833,2B,2257,Standard Grid
50.833,2B,2040,Standard Grid
50.833,2B,2044,Standard Grid
50.833,2B,2045,Standard Grid
50.834,2B,2258,Standard Grid
50.997,2B,2259,Standard Grid
51,2B,2260,Standard Grid
51,2B,2261,Standard Grid
51,2B,2041,Standard Grid
51,2B,2042,Standard Grid
51,2B,2046,Standard Grid
51,2B,2047,Standard Grid
51,2B,2048,Standard Grid
51,2B,2049,Standard Grid
51,2B,2050,Standard Grid
51.167,2B,2262,Standard Grid
51.167,2B,2043,Standard Grid
51.167,2B,2051,Standard Grid
51.167,2B,2052,Standard Grid
51.167,2B,2053,Standard Grid
51.167,2B,2054,Standard Grid
51.167,2B,2055,Standard Grid
51.167,2B,2056,Standard Grid
51.167,4B,6067,Standard Grid
51.167,2B,2263,Standard Grid
51.317,4B,6068,Standard Grid
51.333,4B,6254,Standard Grid
51.333,2B,2264,Standard Grid
51.333,4B,6253,Standard Grid
51.333,2B,2057,Standard Grid
51.333,2B,2058,Standard Grid
51.333,2B,2059,Standard Grid
51.333,2B,2060,Standard Grid
51.333,2B,2061,Standard Grid
51.333,2B,2062,Standard Grid
51.333,2B,2063,Standard Grid
51.333,2B,2064,Standard Grid
51.333,4B,6068,Standard Grid
51.333,4B,6113,Standard Grid
51.334,2B,2265,Standard Grid
51.334,4B,6252,Standard Grid
51.4,2B,5,Standard Grid
51.499,4B,6721,Standard Grid
51.499,4B,6720,Standard Grid
51.5,4B,6259,Standard Grid
51.5,4B,6256,Standard Grid
51.5,2B,2065,Standard Grid
51.5,2B,2066,Standard Grid
51.5,2B,2067,Standard Grid
51.5,2B,2068,Standard Grid
51.5,2B,2069,Standard Grid
51.5,2B,2070,Standard Grid
51.5,2B,2071,Standard Grid
51.5,2B,2072,Standard Grid
51.5,4B,6069,Standard Grid
51.5,4B,6070,Standard Grid
51.5,4B,6071,Standard Grid
51.5,4B,6114,Standard Grid
51.5,4B,6115,Standard Grid
51.5,4B,6719,Standard Grid
51.6,2B,6,Standard Grid
51.666,4B,6722,Standard Grid
51.666,2B,2266,Standard Grid
51.666,2B,2267,Standard Grid
51.666,4B,6234,Standard Grid
51.666,4B,6281,Standard Grid
51.666,4B,6712,Standard Grid
51.667,2B,2268,Standard Grid
51.667,2B,2269,Standard Grid
51.667,4B,6258,Standard Grid
51.667,4B,6260,Standard Grid
51.667,4B,6732,Standard Grid
51.667,2B,2073,Standard Grid
51.667,2B,2074,Standard Grid
51.667,2B,2075,Standard Grid
51.667,2B,2076,Standard Grid
51.667,2B,2077,Standard Grid
51.667,2B,2087,Standard Grid
51.667,2B,2088,Standard Grid
51.667,4B,6072,Standard Grid
51.667,4B,6073,Standard Grid
51.667,4B,6074,Standard Grid
51.667,4B,6075,Standard Grid
51.667,4B,6076,Standard Grid
51.667,4B,6077,Standard Grid
51.667,4B,6078,Standard Grid
51.667,4B,6116,Standard Grid
51.667,4B,6117,Standard Grid
51.667,4B,6118,Standard Grid
51.667,4B,6725,Standard Grid
51.833,2B,2270,Standard Grid
51.833,4B,6261,Standard Grid
51.833,4B,6235,Standard Grid
51.833,4B,6733,Standard Grid
51.833,4B,6262,Standard Grid
51.833,4B,6604,Standard Grid
51.833,4B,6734,Standard Grid
51.833,4B,6735,Standard Grid
51.833,4B,6736,Standard Grid
51.833,2B,2078,Standard Grid
51.833,2B,2079,Standard Grid
51.833,2B,2080,Standard Grid
51.833,2B,2081,Standard Grid
51.833,2B,2082,Standard Grid
51.833,2B,2089,Standard Grid
51.833,2B,2090,Standard Grid
51.833,2B,2091,Standard Grid
51.833,2B,2092,Standard Grid
51.833,2B,2093,Standard Grid
51.833,4B,6079,Standard Grid
51.833,4B,6080,Standard Grid
51.833,4B,6081,Standard Grid
51.833,4B,6082,Standard Grid
51.833,4B,6083,Standard Grid
51.833,4B,6084,Standard Grid
51.833,4B,6119,Standard Grid
51.833,4B,6120,Standard Grid
51.833,4B,6121,Standard Grid
51.833,4B,6122,Standard Grid
51.833,4B,6123,Standard Grid
51.834,4B,6236,Standard Grid
51.834,4B,6269,Standard Grid
51.975,2B,2094,Standard Grid
51.999,4B,6243,Standard Grid
51.999,4B,6737,Standard Grid
52,4B,6242,Standard Grid
52,2B,2271,Standard Grid
52,4B,6239,Standard Grid
52,4B,6263,Standard Grid
52,4B,6270,Standard Grid
52,4B,6610,Standard Grid
52,4B,6738,Standard Grid
52,4B,6237,Standard Grid
52,4B,6238,Standard Grid
52,4B,6241,Standard Grid
52,4B,6605,Standard Grid
52,4B,6606,Standard Grid
52,2B,2083,Standard Grid
52,2B,2084,Standard Grid
52,2B,2085,Standard Grid
52,2B,2094,Standard Grid
52,2B,2095,Standard Grid
52,2B,2096,Standard Grid
52,2B,2097,Standard Grid
52,2B,2098,Standard Grid
52,2B,2099,Standard Grid
52,4B,6085,Standard Grid
52,4B,6086,Standard Grid
52,4B,6087,Standard Grid
52,4B,6088,Standard Grid
52,4B,6089,Standard Grid
52,4B,6090,Standard Grid
52,4B,6091,Standard Grid
52,4B,6092,Standard Grid
52,4B,6124,Standard Grid
52,4B,6125,Standard Grid
52,4B,6126,Standard Grid
52,4B,6127,Standard Grid
52,4B,6128,Standard Grid
52,4B,6240,Standard Grid
52,4B,6271,Standard Grid
52.164,4A,6215,Standard Grid
52.165,4A,6701,Standard Grid
52.165,2B,2272,Standard Grid
52.166,4B,6247,Standard Grid
52.166,4B,6246,Standard Grid
52.166,4B,6265,Standard Grid
52.166,4B,6266,Standard Grid
52.166,2B,2273,Standard Grid
52.166,4B,6245,Standard Grid
52.166,4B,6272,Standard Grid
52.167,4B,6244,Standard Grid
52.167,4B,6264,Standard Grid
52.167,4B,6607,Standard Grid
52.167,2B,2086,Standard Grid
52.167,2B,2100,Standard Grid
52.167,2B,2101,Standard Grid
52.167,2B,2102,Standard Grid
52.167,2B,2103,Standard Grid
52.167,2B,2104,Standard Grid
52.167,2B,2105,Standard Grid
52.167,2B,2106,Standard Grid
52.167,2B,2107,Standard Grid
52.167,4B,6093,Standard Grid
52.167,4B,6094,Standard Grid
52.167,4B,6095,Standard Grid
52.167,4B,6096,Standard Grid
52.167,4B,6097,Standard Grid
52.167,4B,6098,Standard Grid
52.167,4B,6099,Standard Grid
52.167,4B,6100,Standard Grid
52.167,4B,6101,Standard Grid
52.167,4B,6102,Standard Grid
52.167,4B,6103,Standard Grid
52.167,4B,6104,Standard Grid
52.167,4B,6129,Standard Grid
52.167,4B,6130,Standard Grid
52.167,4B,6131,Standard Grid
52.167,2B,2274,Standard Grid
52.2,2B,9,Standard Grid
52.331,4A,6221,Standard Grid
52.331,4A,6220,Standard Grid
52.331,4A,6219,Standard Grid
52.332,2B,2275,Standard Grid
52.332,4A,6218,Standard Grid
52.332,4A,6217,Standard Grid
52.332,4A,6702,Standard Grid
52.333,4A,6216,Standard Grid
52.333,4B,6248,Standard Grid
52.333,4B,6267,Standard Grid
52.333,4B,6268,Standard Grid
52.333,2B,2276,Standard Grid
52.333,4B,6740,Standard Grid
52.333,2B,2108,Standard Grid
52.333,2B,2109,Standard Grid
52.333,2B,2110,Standard Grid
52.333,2B,2111,Standard Grid
52.333,2B,2112,Standard Grid
52.333,2B,2113,Standard Grid
52.333,2B,2114,Standard Grid
52.333,4B,6105,Standard Grid
52.333,4B,6106,Standard Grid
52.333,4B,6107,Standard Grid
52.333,4B,6108,Standard Grid
52.333,4B,6132,Standard Grid
52.333,4B,6133,Standard Grid
52.333,4B,6134,Standard Grid
52.333,4B,6135,Standard Grid
52.334,2B,2277,Standard Grid
52.334,4B,6282,Standard Grid
52.497,4A,6705,Standard Grid
52.498,4A,6704,Standard Grid
52.498,4A,6225,Standard Grid
52.498,4A,6224,Standard Grid
52.499,4A,6223,Standard Grid
52.499,4A,6222,Standard Grid
52.499,4B,6250,Standard Grid
52.5,4B,6249,Standard Grid
52.5,2B,2278,Standard Grid
52.5,4B,6273,Standard Grid
52.5,2B,2115,Standard Grid
52.5,2B,2116,Standard Grid
52.5,2B,2117,Standard Grid
52.5,2B,2118,Standard Grid
52.5,2B,2119,Standard Grid
52.5,2B,2120,Standard Grid
52.5,2B,2129,Standard Grid
52.5,2B,2130,Standard Grid
52.5,4A,6001,Standard Grid
52.5,4A,6002,Standard Grid
52.5,4A,6003,Standard Grid
52.5,4B,6109,Standard Grid
52.5,4B,6110,Standard Grid
52.5,4B,6111,Standard Grid
52.5,4B,6137,Standard Grid
52.5,4B,6138,Standard Grid
52.5,4B,6139,Standard Grid
52.5,4B,6140,Standard Grid
52.5,4B,6141,Standard Grid
52.5,4B,6142,Standard Grid
52.5,4B,6143,Standard Grid
52.5,4A,6703,Standard Grid
52.53,2B,2116,Standard Grid
52.6,2B,11,Standard Grid
52.664,4A,6230,Standard Grid
52.664,4A,6229,Standard Grid
52.665,4A,6706,Standard Grid
52.666,4A,6227,Standard Grid
52.666,4B,6251,Standard Grid
52.666,2B,2279,Standard Grid
52.666,2B,2280,Standard Grid
52.666,4A,6226,Standard Grid
52.667,4B,6283,Standard Grid
52.667,2B,2121,Standard Grid
52.667,2B,2122,Standard Grid
52.667,2B,2123,Standard Grid
52.667,2B,2124,Standard Grid
52.667,2B,2131,Standard Grid
52.667,2B,2132,Standard Grid
52.667,4A,6004,Standard Grid
52.667,4A,6005,Standard Grid
52.667,4A,6006,Standard Grid
52.667,4A,6007,Standard Grid
52.667,4A,6008,Standard Grid
52.667,4A,6009,Standard Grid
52.667,4B,6112,Standard Grid
52.667,4B,6144,Standard Grid
52.667,4B,6145,Standard Grid
52.667,4B,6146,Standard Grid
52.667,4B,6147,Standard Grid
52.667,4B,6148,Standard Grid
52.667,4B,6149,Standard Grid
52.7,4A,6009,Standard Grid
52.717,4A,6009,Standard Grid
52.8,2B,12,Standard Grid
52.817,4A,6014,Standard Grid
52.831,4A,6233,Standard Grid
52.832,4A,6708,Standard Grid
52.832,4A,6232,Standard Grid
52.833,2B,2283,Standard Grid
52.833,2B,2284,Standard Grid
52.833,2B,2285,Standard Grid
52.833,4B,6741,Standard Grid
52.833,4A,6707,Standard Grid
52.833,2B,2286,Standard Grid
52.833,2B,2287,Standard Grid
52.833,4A,6231,Standard Grid
52.833,4A,6601,Standard Grid
52.833,4B,6284,Standard Grid
52.833,2B,2125,Standard Grid
52.833,2B,2126,Standard Grid
52.833,2B,2133,Standard Grid
52.833,2B,2134,Standard Grid
52.833,4A,6010,Standard Grid
52.833,4A,6011,Standard Grid
52.833,4A,6012,Standard Grid
52.833,4A,6013,Standard Grid
52.833,4A,6014,Standard Grid
52.833,4B,6150,Standard Grid
52.833,4B,6151,Standard Grid
52.833,4B,6152,Standard Grid
52.833,4B,6153,Standard Grid
53,2B,2288,Standard Grid
53,2B,2289,Standard Grid
53,2B,2290,Standard Grid
53,4B,6285,Standard Grid
53,4B,6742,Standard Grid
53,2B,2291,Standard Grid
53,4A,6709,Standard Grid
53,2B,2292,Standard Grid
53,2B,2293,Standard Grid
53,4B,6286,Standard Grid
53,2B,2127,Standard Grid
53,2B,2128,Standard Grid
53,2B,2135,Standard Grid
53,2B,2136,Standard Grid
53,4A,6015,Standard Grid
53,4A,6016,Standard Grid
53,4A,6017,Standard Grid
53,4A,6018,Standard Grid
53,4A,6019,Standard Grid
53,4A,6020,Standard Grid
53,4A,6021,Standard Grid
53,4B,6154,Standard Grid
53,4B,6155,Standard Grid
53.165,2B,2294,Standard Grid
53.166,2B,2295,Standard Grid
53.166,2B,2296,Standard Grid
53.166,4B,6743,Standard Grid
53.166,2B,2297,Standard Grid
53.167,2B,2298,Standard Grid
53.167,2B,2299,Standard Grid
53.167,2B,2137,Standard Grid
53.167,2B,2138,Standard Grid
53.167,2B,2139,Standard Grid
53.167,4A,6022,Standard Grid
53.167,4A,6023,Standard Grid
53.167,4A,6024,Standard Grid
53.167,4A,6025,Standard Grid
53.167,4A,6026,Standard Grid
53.167,4A,6027,Standard Grid
53.167,4A,6028,Standard Grid
53.167,4B,6156,Standard Grid
53.2,2B,14,Standard Grid
53.332,2B,2301,Standard Grid
53.332,2B,2302,Standard Grid
53.333,2B,2303,Standard Grid
53.333,2B,2304,Standard Grid
53.333,2B,2305,Standard Grid
53.333,2B,2306,Standard Grid
53.333,4A,6710,Standard Grid
53.333,2B,2140,Standard Grid
53.333,2B,2141,Standard Grid
53.333,2B,2142,Standard Grid
53.333,2B,2143,Standard Grid
53.333,2B,2144,Standard Grid
53.333,4A,6029,Standard Grid
53.333,4A,6030,Standard Grid
53.333,4A,6031,Standard Grid
53.333,4A,6032,Standard Grid
53.333,4A,6033,Standard Grid
53.333,4A,6034,Standard Grid
53.333,4B,6157,Standard Grid
53.499,4B,6744,Standard Grid
53.499,2B,2307,Standard Grid
53.499,2B,2308,Standard Grid
53.499,2B,2309,Standard Grid
53.5,4A,6602,Standard Grid
53.5,2B,2311,Standard Grid
53.5,4A,6202,Standard Grid
53.5,4A,6201,Standard Grid
53.5,2B,2145,Standard Grid
53.5,2B,2146,Standard Grid
53.5,4A,6035,Standard Grid
53.5,4A,6036,Standard Grid
53.5,4A,6037,Standard Grid
53.5,4A,6038,Standard Grid
53.665,4B,6745,Standard Grid
53.666,2B,2312,Standard Grid
53.666,2B,2313,Standard Grid
53.667,2B,2147,Standard Grid
53.667,2B,2148,Standard Grid
53.667,2B,2149,Standard Grid
53.667,2B,2314,Standard Grid
53.667,4A,6039,Standard Grid
53.667,4A,6040,Standard Grid
53.667,4A,6041,Standard Grid
53.667,4A,6042,Standard Grid
53.667,4A,6043,Standard Grid
53.667,4A,6044,Standard Grid
53.667,4A,6045,Standard Grid
53.667,4A,6046,Standard Grid
53.832,4B,6746,Standard Grid
53.832,4B,6747,Standard Grid
53.833,2B,2315,Standard Grid
53.833,2B,2316,Standard Grid
53.833,2B,2317,Standard Grid
53.833,2B,2318,Standard Grid
53.833,2B,2320,Standard Grid
53.833,4A,6203,Standard Grid
53.833,2B,2150,Standard Grid
53.833,4A,6047,Standard Grid
53.833,4A,6048,Standard Grid
53.833,4A,6049,Standard Grid
53.833,4A,6050,Standard Grid
53.833,4A,6051,Standard Grid
53.833,4A,6052,Standard Grid
53.833,4A,6053,Standard Grid
53.833,4A,6054,Standard Grid
53.833,4A,6055,Standard Grid
53.833,4A,6056,Standard Grid
53.834,2B,2321,Standard Grid
53.998,4B,6274,Standard Grid
53.999,4B,6275,Standard Grid
54,2B,2322,Standard Grid
54,2B,2343,Standard Grid
54,4A,6205,Standard Grid
54,2B,2323,Standard Grid
54,3B,5542,Standard Grid
54,2B,2324,Standard Grid
54,4A,6204,Standard Grid
54,2B,2151,Standard Grid
54,3B,5186,Standard Grid
54,3B,5187,Standard Grid
54,3B,5188,Standard Grid
54,4A,6057,Standard Grid
54,4A,6058,Standard Grid
54,4A,6059,Standard Grid
54,4A,6060,Standard Grid
54,4A,6061,Standard Grid
54,4A,6062,Standard Grid
54,4A,6063,Standard Grid
54,3B,5544,Standard Grid
54.164,4B,6748,Standard Grid
54.165,4B,6276,Standard Grid
54.166,3B,5545,Standard Grid
54.166,2B,2326,Standard Grid
54.166,3B,5546,Standard Grid
54.167,2B,2327,Standard Grid
54.167,3B,5547,Standard Grid
54.167,3B,5548,Standard Grid
54.167,4A,6206,Standard Grid
54.167,4A,6207,Standard Grid
54.167,4A,6208,Standard Grid
54.167,2B,2152,Standard Grid
54.167,2B,2153,Standard Grid
54.167,2B,2154,Standard Grid
54.167,2B,2155,Standard Grid
54.167,2B,2156,Standard Grid
54.167,2B,2157,Standard Grid
54.167,3B,5189,Standard Grid
54.167,3B,5190,Standard Grid
54.167,3B,5191,Standard Grid
54.167,3B,5192,Standard Grid
54.167,3B,5193,Standard Grid
54.167,4A,6064,Standard Grid
54.167,4A,6065,Standard Grid
54.167,4A,6066,Standard Grid
54.167,2B,2328,Standard Grid
54.167,2B,2329,Standard Grid
54.167,2B,2330,Standard Grid
54.317,4A,6211,Standard Grid
54.331,4B,6277,Standard Grid
54.331,4B,6278,Standard Grid
54.333,2B,2331,Standard Grid
54.333,2B,2332,Standard Grid
54.333,3B,5530,Standard Grid
54.333,3B,5549,Standard Grid
54.333,3B,5550,Standard Grid
54.333,4A,6209,Standard Grid
54.333,4A,6212,Standard Grid
54.333,2B,2158,Standard Grid
54.333,2B,2159,Standard Grid
54.333,2B,2160,Standard Grid
54.333,2B,2161,Standard Grid
54.333,2B,2162,Standard Grid
54.333,2B,2163,Standard Grid
54.333,2B,2164,Standard Grid
54.333,2B,2165,Standard Grid
54.333,2B,2166,Standard Grid
54.333,2B,2167,Standard Grid
54.333,2B,2168,Standard Grid
54.333,3B,5194,Standard Grid
54.333,3B,5195,Standard Grid
54.333,3B,5196,Standard Grid
54.333,3B,5197,Standard Grid
54.333,3B,5198,Standard Grid
54.333,3B,5199,Standard Grid
54.333,3B,5200,Standard Grid
54.333,3B,5201,Standard Grid
54.333,3B,5202,Standard Grid
54.333,3B,5203,Standard Grid
54.333,3B,5204,Standard Grid
54.333,3B,5205,Standard Grid
54.334,4A,6213,Standard Grid
54.346,4A,6210,Standard Grid
54.4,2B,20,Standard Grid
54.497,4B,6749,Standard Grid
54.5,2B,2333,Standard Grid
54.5,3B,5551,Standard Grid
54.5,4A,7201,Standard Grid
54.5,4A,6214,Standard Grid
54.5,2B,2169,Standard Grid
54.5,2B,2170,Standard Grid
54.5,2B,2171,Standard Grid
54.5,2B,2172,Standard Grid
54.5,2B,3005,Standard Grid
54.5,2C,3001,Standard Grid
54.5,2C,3002,Standard Grid
54.5,2C,3003,Standard Grid
54.5,2C,3004,Standard Grid
54.5,2C,3005,Standard Grid
54.5,2C,3006,Standard Grid
54.5,2C,3007,Standard Grid
54.5,3B,5141,Standard Grid
54.5,3B,5142,Standard Grid
54.5,3B,5143,Standard Grid
54.5,3B,5144,Standard Grid
54.5,3B,5145,Standard Grid
54.5,3B,5206,Standard Grid
54.5,3B,5207,Standard Grid
54.5,3B,5208,Standard Grid
54.5,3B,5209,Standard Grid
54.5,3B,5210,Standard Grid
54.5,3B,5211,Standard Grid
54.5,3B,5212,Standard Grid
54.5,3B,5213,Standard Grid
54.5,3B,5214,Standard Grid
54.5,3B,5215,Standard Grid
54.5,3B,5216,Standard Grid
54.5,3B,5217,Standard Grid
54.5,4A,7001,Standard Grid
54.5,4A,7002,Standard Grid
54.5,4A,7003,Standard Grid
54.5,4A,7004,Standard Grid
54.5,2C,3201,Standard Grid
54.5,3B,5552,Standard Grid
54.663,4B,6750,Standard Grid
54.663,4B,6751,Standard Grid
54.663,4B,6752,Standard Grid
54.664,4B,6279,Standard Grid
54.666,3B,5553,Standard Grid
54.666,4A,7202,Standard Grid
54.667,2B,2334,Standard Grid
54.667,3B,5555,Standard Grid
54.667,2B,3008,Standard Grid
54.667,2B,3009,Standard Grid
54.667,2C,3008,Standard Grid
54.667,2C,3009,Standard Grid
54.667,2C,3010,Standard Grid
54.667,2C,3011,Standard Grid
54.667,2C,3012,Standard Grid
54.667,2C,3013,Standard Grid
54.667,2C,3014,Standard Grid
54.667,2C,3015,Standard Grid
54.667,2C,3016,Standard Grid
54.667,2C,3017,Standard Grid
54.667,2C,3018,Standard Grid
54.667,2C,3019,Standard Grid
54.667,3B,5146,Standard Grid
54.667,3B,5147,Standard Grid
54.667,3B,5148,Standard Grid
54.667,3B,5149,Standard Grid
54.667,3B,5150,Standard Grid
54.667,3B,5151,Standard Grid
54.667,3B,5152,Standard Grid
54.667,3B,5218,Standard Grid
54.667,3B,5219,Standard Grid
54.667,3B,5220,Standard Grid
54.667,3B,5221,Standard Grid
54.667,3B,5222,Standard Grid
54.667,3B,5223,Standard Grid
54.667,3B,5224,Standard Grid
54.667,4A,7006,Standard Grid
54.667,4A,7007,Standard Grid
54.667,4A,7008,Standard Grid
54.667,4A,7009,Standard Grid
54.667,4A,7010,Standard Grid
54.667,4A,7011,Standard Grid
54.667,4A,7012,Standard Grid
54.829,4B,6754,Standard Grid
54.829,4B,6753,Standard Grid
54.829,4B,6755,Standard Grid
54.83,4B,6280,Standard Grid
54.833,3B,5556,Standard Grid
54.833,3B,5557,Standard Grid
54.833,2C,3202,Standard Grid
54.833,3B,5532,Standard Grid
54.833,3B,5533,Standard Grid
54.833,2C,3020,Standard Grid
54.833,2C,3021,Standard Grid
54.833,2C,3022,Standard Grid
54.833,2C,3023,Standard Grid
54.833,2C,3024,Standard Grid
54.833,2C,3025,Standard Grid
54.833,2C,3026,Standard Grid
54.833,3B,5096,Standard Grid
54.833,3B,5097,Standard Grid
54.833,3B,5153,Standard Grid
54.833,3B,5154,Standard Grid
54.833,3B,5155,Standard Grid
54.833,3B,5156,Standard Grid
54.833,3B,5157,Standard Grid
54.833,3B,5158,Standard Grid
54.833,3B,5159,Standard Grid
54.833,3B,5225,Standard Grid
54.833,3B,5226,Standard Grid
54.833,3B,5227,Standard Grid
54.833,3B,5228,Standard Grid
54.833,3B,5229,Standard Grid
54.833,3B,5230,Standard Grid
54.833,4A,7013,Standard Grid
54.833,4A,7014,Standard Grid
54.833,4A,7015,Standard Grid
54.833,4A,7016,Standard Grid
54.833,4A,7017,Standard Grid
54.833,4A,7018,Standard Grid
54.833,4A,7019,Standard Grid
54.995,4B,6757,Standard Grid
54.995,4B,6756,Standard Grid
54.999,2B,2335,Standard Grid
54.999,2B,3204,Standard Grid
54.999,2C,3204,Standard Grid
55,2C,3205,Standard Grid
55,3B,5534,Standard Grid
55,3B,5559,Standard Grid
55,3B,5560,Standard Grid
55,2C,3206,Standard Grid
55,2C,3207,Standard Grid
55,3B,5535,Standard Grid
55,3B,5536,Standard Grid
55,3B,5561,Standard Grid
55,3B,5562,Standard Grid
55,4A,7203,Standard Grid
55,4A,7204,Standard Grid
55,2C,3027,Standard Grid
55,2C,3028,Standard Grid
55,2C,3029,Standard Grid
55,2C,3030,Standard Grid
55,2C,3043,Standard Grid
55,2C,3044,Standard Grid
55,3B,5098,Standard Grid
55,3B,5099,Standard Grid
55,3B,5100,Standard Grid
55,3B,5101,Standard Grid
55,3B,5160,Standard Grid
55,3B,5161,Standard Grid
55,3B,5162,Standard Grid
55,3B,5163,Standard Grid
55,3B,5164,Standard Grid
55,3B,5165,Standard Grid
55,3B,5231,Standard Grid
55,3B,5232,Standard Grid
55,4A,7021,Standard Grid
55,4A,7022,Standard Grid
55,4A,7023,Standard Grid
55,4A,7024,Standard Grid
55.166,3B,5537,Standard Grid
55.166,3B,5563,Standard Grid
55.166,4A,7205,Standard Grid
55.167,2C,3208,Standard Grid
55.167,3B,5538,Standard Grid
55.167,3B,5539,Standard Grid
55.167,2C,3031,Standard Grid
55.167,2C,3032,Standard Grid
55.167,2C,3034,Standard Grid
55.167,2C,3045,Standard Grid
55.167,2C,3046,Standard Grid
55.167,3B,5102,Standard Grid
55.167,3B,5103,Standard Grid
55.167,3B,5104,Standard Grid
55.167,3B,5105,Standard Grid
55.167,3B,5106,Standard Grid
55.167,3B,5107,Standard Grid
55.167,3B,5108,Standard Grid
55.167,3B,5166,Standard Grid
55.167,3B,5167,Standard Grid
55.167,3B,5168,Standard Grid
55.167,3B,5169,Standard Grid
55.167,3B,5233,Standard Grid
55.167,4A,7025,Standard Grid
55.167,4A,7026,Standard Grid
55.167,4A,7027,Standard Grid
55.167,4A,7028,Standard Grid
55.167,4A,7029,Standard Grid
55.167,2C,3209,Standard Grid
55.332,2B,3210,Standard Grid
55.332,2C,3210,Standard Grid
55.333,3B,5564,Standard Grid
55.333,3B,5565,Standard Grid
55.333,2C,3211,Standard Grid
55.333,3B,5566,Standard Grid
55.333,4A,7206,Standard Grid
55.333,4A,7207,Standard Grid
55.333,4A,7208,Standard Grid
55.333,4A,7209,Standard Grid
55.333,2C,3035,Standard Grid
55.333,2C,3047,Standard Grid
55.333,2C,3048,Standard Grid
55.333,2C,3049,Standard Grid
55.333,2C,3050,Standard Grid
55.333,3B,5109,Standard Grid
55.333,3B,5110,Standard Grid
55.333,3B,5111,Standard Grid
55.333,3B,5112,Standard Grid
55.333,3B,5113,Standard Grid
55.333,3B,5114,Standard Grid
55.333,3B,5115,Standard Grid
55.333,3B,5170,Standard Grid
55.333,3B,5171,Standard Grid
55.333,3B,5172,Standard Grid
55.333,3B,5173,Standard Grid
55.333,3B,5174,Standard Grid
55.333,3B,5234,Standard Grid
55.333,3B,5235,Standard Grid
55.333,4A,7030,Standard Grid
55.333,4A,7031,Standard Grid
55.334,3B,5540,Standard Grid
55.483,2C,3036,Standard Grid
55.499,3B,5567,Standard Grid
55.5,2C,3212,Standard Grid
55.5,2C,3213,Standard Grid
55.5,4A,7212,Standard Grid
55.5,4A,7210,Standard Grid
55.5,4A,7211,Standard Grid
55.5,4A,7213,Standard Grid
55.5,2C,3051,Standard Grid
55.5,2C,3052,Standard Grid
55.5,2C,3053,Standard Grid
55.5,2C,3054,Standard Grid
55.5,3B,5116,Standard Grid
55.5,3B,5117,Standard Grid
55.5,3B,5118,Standard Grid
55.5,3B,5119,Standard Grid
55.5,3B,5120,Standard Grid
55.5,3B,5121,Standard Grid
55.5,3B,5122,Standard Grid
55.5,3B,5175,Standard Grid
55.5,3B,5176,Standard Grid
55.5,3B,5177,Standard Grid
55.5,3B,5178,Standard Grid
55.5,3B,5179,Standard Grid
55.5,3B,5236,Standard Grid
55.5,3B,5237,Standard Grid
55.5,3B,5238,Standard Grid
55.5,4A,7032,Standard Grid
55.5,4A,7033,Standard Grid
55.666,4A,7214,Standard Grid
55.666,4A,7215,Standard Grid
55.666,4A,7216,Standard Grid
55.666,2C,3214,Standard Grid
55.666,3B,5516,Standard Grid
55.667,4A,7217,Standard Grid
55.667,4A,7218,Standard Grid
55.667,2C,3037,Standard Grid
55.667,2C,3055,Standard Grid
55.667,2C,3056,Standard Grid
55.667,2C,3057,Standard Grid
55.667,2C,3058,Standard Grid
55.667,3B,5123,Standard Grid
55.667,3B,5124,Standard Grid
55.667,3B,5125,Standard Grid
55.667,3B,5126,Standard Grid
55.667,3B,5127,Standard Grid
55.667,3B,5128,Standard Grid
55.667,3B,5129,Standard Grid
55.667,3B,5181,Standard Grid
55.667,3B,5182,Standard Grid
55.667,3B,5183,Standard Grid
55.667,3B,5239,Standard Grid
55.667,3B,5240,Standard Grid
55.667,3B,5241,Standard Grid
55.667,3B,5242,Standard Grid
55.667,3B,5243,Standard Grid
55.667,4A,7034,Standard Grid
55.667,3B,5501,Standard Grid
55.667,4A,7219,Standard Grid
55.833,4A,7220,Standard Grid
55.833,4A,7222,Standard Grid
55.833,3B,5527,Standard Grid
55.833,4A,7221,Standard Grid
55.833,2C,3039,Standard Grid
55.833,2C,3059,Standard Grid
55.833,2C,3060,Standard Grid
55.833,2C,3061,Standard Grid
55.833,2C,3062,Standard Grid
55.833,2C,3063,Standard Grid
55.833,2C,3064,Standard Grid
55.833,3B,5130,Standard Grid
55.833,3B,5131,Standard Grid
55.833,3B,5132,Standard Grid
55.833,3B,5133,Standard Grid
55.833,3B,5134,Standard Grid
55.833,3B,5184,Standard Grid
55.833,3B,5185,Standard Grid
55.833,3B,5244,Standard Grid
55.833,3B,5245,Standard Grid
55.833,3B,5246,Standard Grid
55.833,3B,5247,Standard Grid
55.833,3B,5248,Standard Grid
55.833,3B,5249,Standard Grid
55.833,4A,7035,Standard Grid
55.833,4A,7036,Standard Grid
56,2C,3215,Standard Grid
56,4A,7223,Standard Grid
56,2C,3216,Standard Grid
56,3B,5518,Standard Grid
56,3B,5519,Standard Grid
56,3B,5528,Standard Grid
56,2C,3040,Standard Grid
56,2C,3066,Standard Grid
56,2C,3067,Standard Grid
56,2C,3068,Standard Grid
56,2C,3069,Standard Grid
56,2C,3070,Standard Grid
56,3B,5001,Standard Grid
56,3B,5002,Standard Grid
56,3B,5003,Standard Grid
56,3B,5004,Standard Grid
56,3B,5005,Standard Grid
56,3B,5006,Standard Grid
56,3B,5135,Standard Grid
56,3B,5136,Standard Grid
56,3B,5137,Standard Grid
56,3B,5250,Standard Grid
56,3B,5251,Standard Grid
56,3B,5252,Standard Grid
56,3B,5253,Standard Grid
56,3B,5254,Standard Grid
56,4A,7037,Standard Grid
56,4A,7038,Standard Grid
56,4A,7039,Standard Grid
56,4A,7040,Standard Grid
56.166,4A,7226,Standard Grid
56.167,2C,3217,Standard Grid
56.167,4A,7224,Standard Grid
56.167,4A,7225,Standard Grid
56.167,2C,3071,Standard Grid
56.167,2C,3072,Standard Grid
56.167,2C,3073,Standard Grid
56.167,2C,3074,Standard Grid
56.167,2C,3075,Standard Grid
56.167,3B,5007,Standard Grid
56.167,3B,5008,Standard Grid
56.167,3B,5009,Standard Grid
56.167,3B,5010,Standard Grid
56.167,3B,5011,Standard Grid
56.167,3B,5012,Standard Grid
56.167,3B,5013,Standard Grid
56.167,3B,5014,Standard Grid
56.167,3B,5138,Standard Grid
56.167,3B,5139,Standard Grid
56.167,3B,5255,Standard Grid
56.167,3B,5256,Standard Grid
56.167,3B,5257,Standard Grid
56.167,3B,5258,Standard Grid
56.167,3B,5259,Standard Grid
56.167,3B,5260,Standard Grid
56.167,4A,7042,Standard Grid
56.167,4A,7043,Standard Grid
56.167,4A,7044,Standard Grid
56.167,4A,7045,Standard Grid
56.167,4A,7046,Standard Grid
56.167,4CDE,7041,Standard Grid
56.167,2C,3218,Standard Grid
56.183,2C,3042,Standard Grid
56.333,4A,7227,Standard Grid
56.333,4A,7228,Standard Grid
56.333,4A,7229,Standard Grid
56.333,2C,3219,Standard Grid
56.333,3B,5503,Standard Grid
56.333,3B,5504,Standard Grid
56.333,2C,3076,Standard Grid
56.333,2C,3077,Standard Grid
56.333,2C,3078,Standard Grid
56.333,2C,3079,Standard Grid
56.333,2C,3080,Standard Grid
56.333,3A,4286,Standard Grid
56.333,3A,4287,Standard Grid
56.333,3A,4288,Standard Grid
56.333,3B,5015,Standard Grid
56.333,3B,5016,Standard Grid
56.333,3B,5017,Standard Grid
56.333,3B,5018,Standard Grid
56.333,3B,5019,Standard Grid
56.333,3B,5140,Standard Grid
56.333,3B,5261,Standard Grid
56.333,3B,5262,Standard Grid
56.333,3B,5263,Standard Grid
56.333,3B,5264,Standard Grid
56.333,3B,5265,Standard Grid
56.333,3B,5266,Standard Grid
56.333,3B,5267,Standard Grid
56.333,4A,7049,Standard Grid
56.333,4CDE,7047,Standard Grid
56.333,4CDE,7048,Standard Grid
56.333,4CDE,7050,Standard Grid
56.333,4CDE,9501,Standard Grid
56.35,2C,3220,Standard Grid
56.35,2C,3221,Standard Grid
56.417,4CDE,9502,Standard Grid
56.417,4CDE,9503,Standard Grid
56.483,2C,3081,Standard Grid
56.5,2C,3222,Standard Grid
56.5,3A,4583,Standard Grid
56.5,3B,5505,Standard Grid
56.5,3B,5507,Standard Grid
56.5,3B,5520,Standard Grid
56.5,3B,5529,Standard Grid
56.5,2C,3082,Standard Grid
56.5,2C,3083,Standard Grid
56.5,2C,3084,Standard Grid
56.5,3A,4289,Standard Grid
56.5,3A,4290,Standard Grid
56.5,3A,4291,Standard Grid
56.5,3A,4292,Standard Grid
56.5,3A,4293,Standard Grid
56.5,3A,4294,Standard Grid
56.5,3B,5020,Standard Grid
56.5,3B,5021,Standard Grid
56.5,3B,5268,Standard Grid
56.5,3B,5269,Standard Grid
56.5,3B,5270,Standard Grid
56.5,3B,5271,Standard Grid
56.5,3B,5272,Standard Grid
56.5,4CDE,7051,Standard Grid
56.5,4CDE,7052,Standard Grid
56.5,4CDE,9504,Standard Grid
56.5,4CDE,9505,Standard Grid
56.5,4CDE,9506,Standard Grid
56.583,4CDE,9507,Standard Grid
56.666,4CDE,7301,Standard Grid
56.666,2C,3223,Standard Grid
56.666,3B,5508,Standard Grid
56.667,4CDE,7300,Standard Grid
56.667,2C,3085,Standard Grid
56.667,2C,3086,Standard Grid
56.667,2C,3087,Standard Grid
56.667,3A,4295,Standard Grid
56.667,3A,4296,Standard Grid
56.667,3A,4297,Standard Grid
56.667,3A,4298,Standard Grid
56.667,3A,4299,Standard Grid
56.667,3A,4300,Standard Grid
56.667,3A,4301,Standard Grid
56.667,3B,5022,Standard Grid
56.667,3B,5023,Standard Grid
56.667,3B,5024,Standard Grid
56.667,3B,5025,Standard Grid
56.667,3B,5273,Standard Grid
56.667,3B,5274,Standard Grid
56.667,3B,5275,Standard Grid
56.667,3B,5276,Standard Grid
56.667,4CDE,7053,Standard Grid
56.667,4CDE,9508,Standard Grid
56.667,4CDE,9509,Standard Grid
56.667,4CDE,9510,Standard Grid
56.833,4CDE,7303,Standard Grid
56.833,2C,3224,Standard Grid
56.833,2C,3225,Standard Grid
56.833,4CDE,7302,Standard Grid
56.833,2C,3088,Standard Grid
56.833,2C,3089,Standard Grid
56.833,3A,4302,Standard Grid
56.833,3A,4303,Standard Grid
56.833,3A,4304,Standard Grid
56.833,3A,4305,Standard Grid
56.833,3A,4306,Standard Grid
56.833,3A,4307,Standard Grid
56.833,3A,4308,Standard Grid
56.833,3B,5026,Standard Grid
56.833,3B,5027,Standard Grid
56.833,3B,5028,Standard Grid
56.833,3B,5029,Standard Grid
56.833,3B,5030,Standard Grid
56.833,3B,5031,Standard Grid
56.833,3B,5277,Standard Grid
56.833,3B,5278,Standard Grid
56.833,3B,5279,Standard Grid
56.833,4CDE,7054,Standard Grid
57,2C,3226,Standard Grid
57,2C,3227,Standard Grid
57,4CDE,7304,Standard Grid
57,4CDE,7305,Standard Grid
57,3A,4585,Standard Grid
57,3A,4586,Standard Grid
57,3B,5524,Standard Grid
57,2C,3091,Standard Grid
57,2C,3092,Standard Grid
57,3A,4309,Standard Grid
57,3A,4310,Standard Grid
57,3A,4311,Standard Grid
57,3A,4312,Standard Grid
57,3A,4313,Standard Grid
57,3B,5032,Standard Grid
57,3B,5033,Standard Grid
57,3B,5034,Standard Grid
57,3B,5035,Standard Grid
57,3B,5036,Standard Grid
57,3B,5280,Standard Grid
57,4CDE,7055,Standard Grid
57,4CDE,7056,Standard Grid
57,4CDE,9511,Standard Grid
57,4CDE,9512,Standard Grid
57,2C,3228,Standard Grid
57.083,4CDE,9513,Standard Grid
57.083,4CDE,9514,Standard Grid
57.166,2C,3230,Standard Grid
57.167,3B,5525,Standard Grid
57.167,4CDE,7306,Standard Grid
57.167,2C,3094,Standard Grid
57.167,2C,3095,Standard Grid
57.167,2C,3096,Standard Grid
57.167,2C,3097,Standard Grid
57.167,2C,3098,Standard Grid
57.167,3A,4314,Standard Grid
57.167,3A,4315,Standard Grid
57.167,3A,4316,Standard Grid
57.167,3A,4317,Standard Grid
57.167,3A,4318,Standard Grid
57.167,3A,4319,Standard Grid
57.167,3B,5037,Standard Grid
57.167,3B,5038,Standard Grid
57.167,3B,5039,Standard Grid
57.167,3B,5040,Standard Grid
57.167,3B,5041,Standard Grid
57.167,4CDE,7057,Standard Grid
57.167,4CDE,9515,Standard Grid
57.25,4CDE,9516,Standard Grid
57.25,4CDE,9517,Standard Grid
57.332,4CDE,7307,Standard Grid
57.332,4CDE,7308,Standard Grid
57.333,4CDE,7309,Standard Grid
57.333,2C,3231,Standard Grid
57.333,2C,3099,Standard Grid
57.333,2C,3100,Standard Grid
57.333,2C,3102,Standard Grid
57.333,2C,3103,Standard Grid
57.333,3A,4240,Standard Grid
57.333,3A,4320,Standard Grid
57.333,3A,4321,Standard Grid
57.333,3A,4322,Standard Grid
57.333,3A,4323,Standard Grid
57.333,3A,4324,Standard Grid
57.333,3A,4376,Standard Grid
57.333,3B,5042,Standard Grid
57.333,3B,5043,Standard Grid
57.333,3B,5044,Standard Grid
57.333,3B,5045,Standard Grid
57.333,3B,5046,Standard Grid
57.333,4CDE,7058,Standard Grid
57.333,4CDE,9518,Standard Grid
57.333,4CDE,9519,Standard Grid
57.333,4CDE,9520,Standard Grid
57.499,4CDE,7310,Standard Grid
57.5,4CDE,7311,Standard Grid
57.5,2C,3232,Standard Grid
57.5,3B,5510,Standard Grid
57.5,2C,3104,Standard Grid
57.5,2C,3105,Standard Grid
57.5,2C,3106,Standard Grid
57.5,3A,4241,Standard Grid
57.5,3A,4242,Standard Grid
57.5,3A,4243,Standard Grid
57.5,3A,4325,Standard Grid
57.5,3A,4326,Standard Grid
57.5,3A,4327,Standard Grid
57.5,3A,4328,Standard Grid
57.5,3A,4331,Standard Grid
57.5,3B,5047,Standard Grid
57.5,3B,5048,Standard Grid
57.5,2C,3233,Standard Grid
57.517,2C,3105,Standard Grid
57.666,2C,3234,Standard Grid
57.666,3A,4556,Standard Grid
57.666,3A,4557,Standard Grid
57.666,3A,4589,Standard Grid
57.666,4CDE,7312,Standard Grid
57.666,4CDE,7313,Standard Grid
57.667,2C,3235,Standard Grid
57.667,3B,5512,Standard Grid
57.667,2C,3107,Standard Grid
57.667,2C,3108,Standard Grid
57.667,3A,4244,Standard Grid
57.667,3A,4245,Standard Grid
57.667,3A,4246,Standard Grid
57.667,3A,4247,Standard Grid
57.667,3A,4248,Standard Grid
57.667,3A,4249,Standard Grid
57.667,3A,4329,Standard Grid
57.667,3A,4330,Standard Grid
57.667,3A,4332,Standard Grid
57.667,3A,4333,Standard Grid
57.667,3A,4334,Standard Grid
57.667,4CDE,7059,Standard Grid
57.832,4CDE,7314,Standard Grid
57.833,3A,4558,Standard Grid
57.833,2C,3236,Standard Grid
57.833,2C,3110,Standard Grid
57.833,2C,3111,Standard Grid
57.833,3A,4001,Standard Grid
57.833,3A,4250,Standard Grid
57.833,3A,4251,Standard Grid
57.833,3A,4252,Standard Grid
57.833,3A,4253,Standard Grid
57.833,3A,4254,Standard Grid
57.833,3A,4255,Standard Grid
57.833,3A,4256,Standard Grid
57.833,3A,4257,Standard Grid
57.833,3A,4258,Standard Grid
57.833,3A,4335,Standard Grid
57.833,3A,4336,Standard Grid
57.833,3A,4337,Standard Grid
57.833,4CDE,7060,Standard Grid
57.849,2C,3237,Standard Grid
57.999,4CDE,7315,Standard Grid
58,4CDE,7316,Standard Grid
58,2C,3238,Standard Grid
58,3A,4549,Standard Grid
58,3A,4560,Standard Grid
58,3A,4561,Standard Grid
58,2C,3112,Standard Grid
58,3A,4002,Standard Grid
58,3A,4003,Standard Grid
58,3A,4004,Standard Grid
58,3A,4005,Standard Grid
58,3A,4195,Standard Grid
58,3A,4259,Standard Grid
58,3A,4260,Standard Grid
58,3A,4261,Standard Grid
58,3A,4262,Standard Grid
58,3A,4263,Standard Grid
58,3A,4264,Standard Grid
58,3A,4265,Standard Grid
58,3A,4266,Standard Grid
58,3A,4267,Standard Grid
58,3A,4268,Standard Grid
58,3A,4338,Standard Grid
58,3A,4339,Standard Grid
58,3A,4340,Standard Grid
58,3A,4501,Standard Grid
58.15,2C,3116,Standard Grid
58.167,3A,4562,Standard Grid
58.167,2C,3114,Standard Grid
58.167,2C,3115,Standard Grid
58.167,2C,3116,Standard Grid
58.167,3A,4006,Standard Grid
58.167,3A,4007,Standard Grid
58.167,3A,4008,Standard Grid
58.167,3A,4009,Standard Grid
58.167,3A,4010,Standard Grid
58.167,3A,4011,Standard Grid
58.167,3A,4012,Standard Grid
58.167,3A,4196,Standard Grid
58.167,3A,4197,Standard Grid
58.167,3A,4198,Standard Grid
58.167,3A,4199,Standard Grid
58.167,3A,4269,Standard Grid
58.167,3A,4270,Standard Grid
58.167,3A,4271,Standard Grid
58.167,3A,4272,Standard Grid
58.167,3A,4273,Standard Grid
58.167,3A,4274,Standard Grid
58.167,3A,4341,Standard Grid
58.167,3A,4342,Standard Grid
58.167,3A,4343,Standard Grid
58.333,2C,3239,Standard Grid
58.333,3A,4552,Standard Grid
58.333,3A,4563,Standard Grid
58.333,2C,3121,Standard Grid
58.333,2C,3122,Standard Grid
58.333,3A,4013,Standard Grid
58.333,3A,4014,Standard Grid
58.333,3A,4015,Standard Grid
58.333,3A,4016,Standard Grid
58.333,3A,4017,Standard Grid
58.333,3A,4018,Standard Grid
58.333,3A,4019,Standard Grid
58.333,3A,4020,Standard Grid
58.333,3A,4200,Standard Grid
58.333,3A,4201,Standard Grid
58.333,3A,4202,Standard Grid
58.333,3A,4203,Standard Grid
58.333,3A,4204,Standard Grid
58.333,3A,4205,Standard Grid
58.333,3A,4206,Standard Grid
58.333,3A,4275,Standard Grid
58.333,3A,4276,Standard Grid
58.333,3A,4277,Standard Grid
58.333,3A,4278,Standard Grid
58.333,3A,4344,Standard Grid
58.333,3A,4345,Standard Grid
58.333,3A,4346,Standard Grid
58.333,4CDE,7061,Standard Grid
58.333,4CDE,7062,Standard Grid
58.5,3A,4564,Standard Grid
58.5,2C,3123,Standard Grid
58.5,3A,4021,Standard Grid
58.5,3A,4022,Standard Grid
58.5,3A,4023,Standard Grid
58.5,3A,4024,Standard Grid
58.5,3A,4025,Standard Grid
58.5,3A,4026,Standard Grid
58.5,3A,4027,Standard Grid
58.5,3A,4028,Standard Grid
58.5,3A,4207,Standard Grid
58.5,3A,4208,Standard Grid
58.5,3A,4209,Standard Grid
58.5,3A,4210,Standard Grid
58.5,3A,4211,Standard Grid
58.5,3A,4212,Standard Grid
58.5,3A,4213,Standard Grid
58.5,3A,4214,Standard Grid
58.5,3A,4279,Standard Grid
58.5,3A,4280,Standard Grid
58.5,3A,4281,Standard Grid
58.5,3A,4347,Standard Grid
58.5,3A,4348,Standard Grid
58.5,3A,4349,Standard Grid
58.5,4CDE,7063,Standard Grid
58.5,4CDE,7064,Standard Grid
58.5,4CDE,7065,Standard Grid
58.5,4CDE,7066,Standard Grid
58.5,3A,4553,Standard Grid
58.666,2C,3240,Standard Grid
58.666,2C,3241,Standard Grid
58.666,3A,4545,Standard Grid
58.666,3A,4554,Standard Grid
58.666,4CDE,7317,Standard Grid
58.667,4CDE,7318,Standard Grid
58.667,2C,3124,Standard Grid
58.667,3A,4029,Standard Grid
58.667,3A,4030,Standard Grid
58.667,3A,4031,Standard Grid
58.667,3A,4032,Standard Grid
58.667,3A,4033,Standard Grid
58.667,3A,4034,Standard Grid
58.667,3A,4035,Standard Grid
58.667,3A,4147,Standard Grid
58.667,3A,4148,Standard Grid
58.667,3A,4215,Standard Grid
58.667,3A,4216,Standard Grid
58.667,3A,4217,Standard Grid
58.667,3A,4218,Standard Grid
58.667,3A,4219,Standard Grid
58.667,3A,4220,Standard Grid
58.667,3A,4221,Standard Grid
58.667,3A,4282,Standard Grid
58.667,3A,4283,Standard Grid
58.667,3A,4284,Standard Grid
58.667,3A,4350,Standard Grid
58.667,3A,4351,Standard Grid
58.667,3A,4352,Standard Grid
58.667,4CDE,7067,Standard Grid
58.667,4CDE,7068,Standard Grid
58.667,4CDE,7069,Standard Grid
58.667,4CDE,7070,Standard Grid
58.667,4CDE,7071,Standard Grid
58.667,4CDE,7072,Standard Grid
58.667,4CDE,7073,Standard Grid
58.667,3A,4503,Standard Grid
58.667,3A,4504,Standard Grid
58.667,4CDE,7802,Standard Grid
58.717,3A,48,Standard Grid
58.833,4CDE,7321,Standard Grid
58.833,3A,4555,Standard Grid
58.833,4CDE,7319,Standard Grid
58.833,4CDE,7320,Standard Grid
58.833,3A,4036,Standard Grid
58.833,3A,4037,Standard Grid
58.833,3A,4038,Standard Grid
58.833,3A,4039,Standard Grid
58.833,3A,4040,Standard Grid
58.833,3A,4041,Standard Grid
58.833,3A,4042,Standard Grid
58.833,3A,4051,Standard Grid
58.833,3A,4052,Standard Grid
58.833,3A,4149,Standard Grid
58.833,3A,4150,Standard Grid
58.833,3A,4151,Standard Grid
58.833,3A,4152,Standard Grid
58.833,3A,4222,Standard Grid
58.833,3A,4223,Standard Grid
58.833,3A,4224,Standard Grid
58.833,3A,4225,Standard Grid
58.833,3A,4226,Standard Grid
58.833,3A,4227,Standard Grid
58.833,3A,4228,Standard Grid
58.833,3A,4285,Standard Grid
58.833,3A,4353,Standard Grid
58.833,3A,4354,Standard Grid
58.833,3A,4355,Standard Grid
58.833,4CDE,7074,Standard Grid
58.833,4CDE,7075,Standard Grid
58.834,3A,4505,Standard Grid
58.967,3A,45,Standard Grid
58.999,2C,3242,Standard Grid
59,4CDE,7324,Standard Grid
59,4CDE,7322,Standard Grid
59,4CDE,7323,Standard Grid
59,4CDE,7325,Standard Grid
59,3A,4043,Standard Grid
59,3A,4044,Standard Grid
59,3A,4045,Standard Grid
59,3A,4046,Standard Grid
59,3A,4047,Standard Grid
59,3A,4053,Standard Grid
59,3A,4054,Standard Grid
59,3A,4055,Standard Grid
59,3A,4056,Standard Grid
59,3A,4153,Standard Grid
59,3A,4154,Standard Grid
59,3A,4155,Standard Grid
59,3A,4156,Standard Grid
59,3A,4157,Standard Grid
59,3A,4158,Standard Grid
59,3A,4229,Standard Grid
59,3A,4230,Standard Grid
59,3A,4231,Standard Grid
59,3A,4232,Standard Grid
59,3A,4233,Standard Grid
59,3A,4234,Standard Grid
59,3A,4356,Standard Grid
59,3A,4357,Standard Grid
59,3A,4358,Standard Grid
59,3A,4359,Standard Grid
59,3A,4360,Standard Grid
59,4CDE,7076,Standard Grid
59,4CDE,7077,Standard Grid
59,3A,4506,Standard Grid
59,3A,4565,Standard Grid
59.166,4CDE,7328,Standard Grid
59.166,4CDE,7326,Standard Grid
59.166,4CDE,7327,Standard Grid
59.166,4CDE,7329,Standard Grid
59.167,3A,4550,Standard Grid
59.167,3A,4048,Standard Grid
59.167,3A,4049,Standard Grid
59.167,3A,4057,Standard Grid
59.167,3A,4058,Standard Grid
59.167,3A,4059,Standard Grid
59.167,3A,4060,Standard Grid
59.167,3A,4061,Standard Grid
59.167,3A,4062,Standard Grid
59.167,3A,4063,Standard Grid
59.167,3A,4159,Standard Grid
59.167,3A,4160,Standard Grid
59.167,3A,4161,Standard Grid
59.167,3A,4162,Standard Grid
59.167,3A,4163,Standard Grid
59.167,3A,4164,Standard Grid
59.167,3A,4165,Standard Grid
59.167,3A,4166,Standard Grid
59.167,3A,4235,Standard Grid
59.167,3A,4236,Standard Grid
59.167,3A,4237,Standard Grid
59.167,3A,4238,Standard Grid
59.167,3A,4361,Standard Grid
59.167,3A,4362,Standard Grid
59.167,3A,4363,Standard Grid
59.167,3A,4364,Standard Grid
59.167,3A,4365,Standard Grid
59.167,4CDE,7078,Standard Grid
59.167,4CDE,7079,Standard Grid
59.167,4CDE,7080,Standard Grid
59.167,4CDE,7081,Standard Grid
59.167,4CDE,7082,Standard Grid
59.267,3A,42,Standard Grid
59.332,4CDE,7330,Standard Grid
59.333,2C,3243,Standard Grid
59.333,4CDE,7331,Standard Grid
59.333,3A,4551,Standard Grid
59.333,4CDE,7803,Standard Grid
59.333,4CDE,7804,Standard Grid
59.333,3A,4050,Standard Grid
59.333,3A,4064,Standard Grid
59.333,3A,4065,Standard Grid
59.333,3A,4066,Standard Grid
59.333,3A,4067,Standard Grid
59.333,3A,4068,Standard Grid
59.333,3A,4069,Standard Grid
59.333,3A,4070,Standard Grid
59.333,3A,4071,Standard Grid
59.333,3A,4102,Standard Grid
59.333,3A,4103,Standard Grid
59.333,3A,4104,Standard Grid
59.333,3A,4105,Standard Grid
59.333,3A,4167,Standard Grid
59.333,3A,4168,Standard Grid
59.333,3A,4169,Standard Grid
59.333,3A,4170,Standard Grid
59.333,3A,4171,Standard Grid
59.333,3A,4172,Standard Grid
59.333,3A,4173,Standard Grid
59.333,3A,4174,Standard Grid
59.333,3A,4175,Standard Grid
59.333,3A,4239,Standard Grid
59.333,3A,4366,Standard Grid
59.333,3A,4367,Standard Grid
59.333,3A,4368,Standard Grid
59.333,3A,4369,Standard Grid
59.333,4CDE,7083,Standard Grid
59.333,4CDE,7084,Standard Grid
59.333,4CDE,7085,Standard Grid
59.45,3A,39,Standard Grid
59.5,3A,4568,Standard Grid
59.5,3A,4522,Standard Grid
59.5,3A,4523,Standard Grid
59.5,3A,4524,Standard Grid
59.5,3A,4569,Standard Grid
59.5,3A,4072,Standard Grid
59.5,3A,4073,Standard Grid
59.5,3A,4074,Standard Grid
59.5,3A,4075,Standard Grid
59.5,3A,4076,Standard Grid
59.5,3A,4077,Standard Grid
59.5,3A,4078,Standard Grid
59.5,3A,4106,Standard Grid
59.5,3A,4107,Standard Grid
59.5,3A,4108,Standard Grid
59.5,3A,4109,Standard Grid
59.5,3A,4110,Standard Grid
59.5,3A,4111,Standard Grid
59.5,3A,4176,Standard Grid
59.5,3A,4177,Standard Grid
59.5,3A,4178,Standard Grid
59.5,3A,4179,Standard Grid
59.5,3A,4180,Standard Grid
59.5,3A,4181,Standard Grid
59.5,3A,4182,Standard Grid
59.5,3A,4183,Standard Grid
59.5,3A,4370,Standard Grid
59.5,3A,4371,Standard Grid
59.5,3A,4372,Standard Grid
59.5,3A,4373,Standard Grid
59.5,4CDE,7086,Standard Grid
59.5,4CDE,7087,Standard Grid
59.5,4CDE,7088,Standard Grid
59.5,4CDE,7089,Standard Grid
59.5,4CDE,7090,Standard Grid
59.5,4CDE,7091,Standard Grid
59.5,3A,4508,Standard Grid
59.5,3A,4511,Standard Grid
59.665,4CDE,7332,Standard Grid
59.666,3A,4570,Standard Grid
59.666,4CDE,7333,Standard Grid
59.666,3A,4525,Standard Grid
59.666,4CDE,7334,Standard Grid
59.667,3A,4512,Standard Grid
59.667,3A,4526,Standard Grid
59.667,3A,4546,Standard Grid
59.667,3A,4571,Standard Grid
59.667,3A,4572,Standard Grid
59.667,3A,4573,Standard Grid
59.667,4CDE,7335,Standard Grid
59.667,3A,4079,Standard Grid
59.667,3A,4080,Standard Grid
59.667,3A,4081,Standard Grid
59.667,3A,4082,Standard Grid
59.667,3A,4083,Standard Grid
59.667,3A,4084,Standard Grid
59.667,3A,4085,Standard Grid
59.667,3A,4086,Standard Grid
59.667,3A,4087,Standard Grid
59.667,3A,4088,Standard Grid
59.667,3A,4089,Standard Grid
59.667,3A,4090,Standard Grid
59.667,3A,4091,Standard Grid
59.667,3A,4112,Standard Grid
59.667,3A,4113,Standard Grid
59.667,3A,4114,Standard Grid
59.667,3A,4115,Standard Grid
59.667,3A,4116,Standard Grid
59.667,3A,4117,Standard Grid
59.667,3A,4118,Standard Grid
59.667,3A,4184,Standard Grid
59.667,3A,4185,Standard Grid
59.667,3A,4186,Standard Grid
59.667,3A,4187,Standard Grid
59.667,3A,4188,Standard Grid
59.667,3A,4189,Standard Grid
59.667,3A,4374,Standard Grid
59.667,4CDE,7092,Standard Grid
59.667,4CDE,7093,Standard Grid
59.667,4CDE,7094,Standard Grid
59.667,4CDE,7095,Standard Grid
59.667,4CDE,7096,Standard Grid
59.832,4CDE,7336,Standard Grid
59.833,4CDE,7337,Standard Grid
59.833,3A,4515,Standard Grid
59.833,3A,4527,Standard Grid
59.833,4CDE,7338,Standard Grid
59.833,3A,4528,Standard Grid
59.833,3A,4529,Standard Grid
59.833,3A,4575,Standard Grid
59.833,4CDE,7339,Standard Grid
59.833,4CDE,7340,Standard Grid
59.833,3A,4092,Standard Grid
59.833,3A,4093,Standard Grid
59.833,3A,4094,Standard Grid
59.833,3A,4095,Standard Grid
59.833,3A,4096,Standard Grid
59.833,3A,4097,Standard Grid
59.833,3A,4098,Standard Grid
59.833,3A,4099,Standard Grid
59.833,3A,4119,Standard Grid
59.833,3A,4120,Standard Grid
59.833,3A,4121,Standard Grid
59.833,3A,4122,Standard Grid
59.833,3A,4123,Standard Grid
59.833,3A,4124,Standard Grid
59.833,3A,4190,Standard Grid
59.833,3A,4191,Standard Grid
59.833,3A,4192,Standard Grid
59.833,3A,4193,Standard Grid
59.833,3A,4194,Standard Grid
59.833,3A,4375,Standard Grid
59.833,4CDE,7097,Standard Grid
59.833,4CDE,7098,Standard Grid
59.833,4CDE,7099,Standard Grid
59.999,4CDE,7341,Standard Grid
59.999,4CDE,7342,Standard Grid
60,3A,4576,Standard Grid
60,4CDE,7344,Standard Grid
60,4CDE,7805,Standard Grid
60,3A,4517,Standard Grid
60,3A,4518,Standard Grid
60,3A,4519,Standard Grid
60,3A,4520,Standard Grid
60,3A,4521,Standard Grid
60,3A,4530,Standard Grid
60,3A,4531,Standard Grid
60,3A,4547,Standard Grid
60,3A,4548,Standard Grid
60,3A,4578,Standard Grid
60,4CDE,7343,Standard Grid
60,4CDE,7345,Standard Grid
60,4CDE,7346,Standard Grid
60,4CDE,7347,Standard Grid
60,3A,4100,Standard Grid
60,3A,4101,Standard Grid
60,3A,4125,Standard Grid
60,3A,4126,Standard Grid
60,3A,4127,Standard Grid
60,3A,4128,Standard Grid
60,3A,4129,Standard Grid
60,3A,4130,Standard Grid
60,3A,4131,Standard Grid
60.166,3A,4579,Standard Grid
60.166,4CDE,7349,Standard Grid
60.166,4CDE,7353,Standard Grid
60.166,4CDE,7348,Standard Grid
60.167,3A,4532,Standard Grid
60.167,3A,4533,Standard Grid
60.167,3A,4534,Standard Grid
60.167,4CDE,7350,Standard Grid
60.167,4CDE,7351,Standard Grid
60.167,4CDE,7352,Standard Grid
60.167,3A,4132,Standard Grid
60.167,3A,4133,Standard Grid
60.167,3A,4134,Standard Grid
60.167,3A,4135,Standard Grid
60.167,3A,4136,Standard Grid
60.167,4CDE,9521,Standard Grid
60.167,4CDE,9522,Standard Grid
60.332,4CDE,7354,Standard Grid
60.332,4CDE,7355,Standard Grid
60.333,3A,4581,Standard Grid
60.333,4CDE,7356,Standard Grid
60.333,4CDE,7806,Standard Grid
60.333,3A,4536,Standard Grid
60.333,4CDE,7357,Standard Grid
60.333,4CDE,7358,Standard Grid
60.333,4CDE,7359,Standard Grid
60.333,3A,4537,Standard Grid
60.333,3A,4137,Standard Grid
60.333,4CDE,9523,Standard Grid
60.333,4CDE,9524,Standard Grid
60.333,4CDE,9525,Standard Grid
60.334,3A,4538,Standard Grid
60.483,3A,4142,Standard Grid
60.498,4CDE,7360,Standard Grid
60.498,4CDE,7361,Standard Grid
60.499,4CDE,7362,Standard Grid
60.499,4CDE,7363,Standard Grid
60.499,4CDE,7367,Standard Grid
60.5,4CDE,7364,Standard Grid
60.5,4CDE,7365,Standard Grid
60.5,4CDE,7366,Standard Grid
60.5,3A,4138,Standard Grid
60.5,3A,4139,Standard Grid
60.5,3A,4140,Standard Grid
60.5,3A,4141,Standard Grid
60.5,3A,4142,Standard Grid
60.5,4CDE,9526,Standard Grid
60.5,4CDE,9527,Standard Grid
60.5,4CDE,9528,Standard Grid
60.65,3A,4539,Standard Grid
60.666,4CDE,7368,Standard Grid
60.666,4CDE,7369,Standard Grid
60.666,4CDE,7370,Standard Grid
60.666,4CDE,7371,Standard Grid
60.667,3A,4540,Standard Grid
60.667,3A,4143,Standard Grid
60.667,3A,4144,Standard Grid
60.667,4CDE,9530,Standard Grid
60.832,4CDE,7372,Standard Grid
60.833,4CDE,7373,Standard Grid
60.833,4CDE,7374,Standard Grid
60.833,3A,4541,Standard Grid
60.833,3A,4145,Standard Grid
60.833,3A,4146,Standard Grid
60.999,4CDE,7375,Standard Grid
61,3A,4542,Standard Grid
61,3A,4543,Standard Grid
61.165,4CDE,7376,Standard Grid
61.166,3A,4544,Standard Grid
